construct_id	domain_id	start	end
351	1	3	187
353	1	3	187
354	2	1	382
355	1	2	186
356	1	2	185
357	1	2	183
358	1	2	183
359	1	2	182
360	1	2	181
361	1	2	182
362	1	2	180
363	1	2	179
364	1	1	178
365	1	2	173
366	1	2	173
367	1	1	179
368	3	1	127
369	3	1	127
370	3	1	127
371	4	381	398
371	4	399	416
371	4	492	509
371	4	510	527
371	4	528	545
371	5	137	263
372	1	3	187
373	1	3	187
374	1	2	186
375	1	2	185
376	1	2	185
377	1	2	183
378	1	2	183
379	1	2	182
380	1	2	183
381	1	2	181
382	1	2	180
383	1	2	179
384	1	1	178
385	1	2	173
386	3	1	127
387	3	1	127
388	3	1	127
389	3	1	127
390	3	1	127
391	3	1	127
392	4	381	398
392	4	444	461
392	4	462	479
392	4	480	497
392	5	137	263
393	4	373	390
393	5	137	263
394	5	137	263
395	5	137	263
396	4	381	398
396	4	399	416
396	4	492	509
396	4	510	527
396	4	528	545
396	5	137	263
397	6	1	111
397	6	135	245
398	6	1	111
398	6	135	245
399	7	4	84
399	8	93	175
400	8	102	184
400	9	13	86
401	10	193	340
401	11	2	115
401	12	116	190
402	4	372	389
402	4	390	407
402	5	137	263
403	13	61	272
404	4	372	389
404	4	390	407
404	5	137	263
405	4	372	389
405	4	390	407
405	5	137	263
406	13	61	272
407	14	14	83
408	8	103	185
408	9	13	87
409	8	96	178
409	9	8	80
410	7	5	86
410	8	95	177
411	7	4	84
411	8	93	175
412	7	7	88
412	8	97	179
413	8	102	184
413	9	13	85
414	7	1	81
414	8	90	172
415	8	103	185
415	9	13	87
416	15	270	373
416	16	107	223
417	15	231	334
417	16	68	184
418	15	230	333
418	16	67	183
419	17	4	121
419	17	136	239
420	18	51	122
421	17	4	121
421	17	136	239
422	19	4	163
423	20	1	203
424	21	1	132
431	21	1	132
432	22	57	146
433	23	28	272
434	24	273	317
435	24	273	317
436	25	10	175
437	26	392	553
437	26	606	663
437	27	99	187
437	28	3	77
438	29	1	163
447	7	29	109
447	8	118	200
449	8	103	185
449	9	13	87
450	21	1	132
451	6	32	136
451	6	155	284
452	30	28	207
453	31	570	666
453	32	391	713
453	33	276	348
453	34	741	850
453	35	21	264
454	30	1	176
455	36	1	42
456	36	1	42
457	37	4	32
457	38	58	365
458	37	4	32
458	38	58	365
459	39	28	208
460	39	28	208
461	39	1	176
462	40	36	312
463	40	36	312
466	41	75	334
467	41	75	334
468	41	81	341
469	42	56	77
469	43	136	273
469	44	79	133
470	42	56	77
470	43	136	273
470	44	79	133
471	45	60	142
471	45	150	232
472	45	53	135
472	45	143	225
473	45	32	116
473	45	125	213
474	45	15	99
474	45	108	196
475	45	12	96
475	45	105	193
476	46	59	354
478	25	27	200
479	25	27	200
480	25	27	200
482	1	2	182
483	47	70	155
488	7	4	84
489	9	19	93
490	48	13	221
491	49	95	131
491	50	137	348
491	51	379	449
491	52	453	535
491	53	1	81
491	54	547	600
492	55	38	298
492	56	3	32
493	1	7	186
494	1	6	185
495	1	5	184
496	1	4	183
497	1	1	182
498	1	2	181
499	1	2	191
500	57	18	106
501	55	5	265
502	55	5	265
503	58	3	82
504	58	4	88
505	59	9	138
506	60	8	35
506	60	45	67
506	60	73	101
507	59	9	138
511	61	63	247
512	61	63	247
513	61	9	156
516	61	63	232
517	61	63	247
518	61	9	193
519	61	46	230
520	61	29	213
521	61	29	213
522	61	74	258
524	62	371	476
525	63	78	350
526	64	1	179
526	8	184	271
527	64	1	179
527	8	184	271
528	64	1	179
528	8	184	271
529	64	1	179
529	8	184	271
530	64	1	179
530	8	184	271
531	64	1	179
531	8	184	271
532	65	2	147
533	65	2	147
534	65	2	147
535	65	2	147
536	66	77	175
537	66	94	192
538	65	1	146
539	65	2	147
540	65	2	147
541	65	2	147
542	65	1	145
543	65	2	147
544	67	190	227
545	65	2	147
546	65	1	146
547	68	146	203
547	69	5	116
548	68	146	203
548	69	5	116
549	68	146	203
549	69	5	116
550	70	379	439
550	71	91	242
551	72	634	735
551	73	458	536
551	74	542	629
551	75	45	443
552	76	241	308
552	77	57	175
552	78	15	230
553	76	241	308
553	77	57	175
553	78	15	230
554	79	149	365
554	80	49	112
555	79	133	349
555	80	33	96
556	79	123	339
556	80	23	86
557	79	123	339
557	80	23	86
558	81	51	303
559	27	99	187
559	28	3	77
559	79	319	530
559	80	232	291
560	27	99	187
560	28	3	77
560	79	229	440
561	82	46	256
562	83	53	128
563	84	136	418
564	85	92	177
564	86	6	90
565	87	30	161
565	88	381	592
565	89	187	374
566	90	734	827
566	91	33	396
566	92	513	727
567	90	734	827
567	91	33	396
567	92	513	727
568	93	134	169
569	94	233	533
569	95	18	199
570	94	27	328
571	94	27	329
572	94	12	326
573	96	20	99
574	97	72	156
575	98	2	212
576	99	51	510
577	100	24	239
578	11	2	115
578	12	116	175
579	11	2	115
580	101	30	244
581	101	30	244
582	101	30	244
583	102	2	104
583	38	161	518
584	103	304	595
584	104	25	197
585	103	324	615
585	104	45	217
586	103	231	522
586	104	1	124
587	103	188	479
587	104	1	81
588	105	115	565
589	106	1	114
589	107	115	665
590	100	363	603
590	108	32	97
590	108	104	170
590	108	202	268
590	108	278	343
591	109	99	367
592	109	99	367
593	109	103	371
594	6	1	113
594	6	129	235
594	110	263	394
595	109	103	371
596	109	103	371
597	109	103	371
598	109	103	371
599	109	103	371
600	109	103	371
601	109	103	371
602	109	103	371
603	109	103	371
604	109	103	371
605	109	103	371
606	109	103	371
607	109	103	371
608	109	103	371
609	109	103	371
610	109	103	371
611	109	103	371
612	109	103	371
613	109	103	371
614	109	103	371
615	109	103	371
616	109	103	371
617	109	103	371
618	109	103	371
619	109	103	371
620	109	103	371
621	109	103	371
622	109	103	371
623	109	103	371
624	109	103	371
625	111	585	811
625	6	1	102
625	6	103	219
625	6	236	337
625	6	338	454
625	112	465	591
626	113	3	95
627	6	1	118
628	114	1	373
629	6	4	126
629	6	143	247
630	114	1	373
631	114	1	368
632	114	1	377
633	115	1	43
634	116	51	74
634	116	181	204
635	116	51	74
636	116	32	55
637	117	28	247
638	118	91	359
639	119	26	250
640	120	24	291
641	121	32	180
642	122	42	296
643	122	42	296
644	122	42	296
645	6	1	117
645	6	134	246
646	123	12	168
647	110	33	151
648	37	19	47
648	38	73	380
649	37	19	47
649	38	73	380
650	124	84	369
650	125	169	194
651	124	84	369
651	125	169	194
652	126	4	59
653	127	164	328
653	128	43	108
654	127	164	328
654	128	43	108
655	127	164	328
655	128	43	108
656	127	147	290
656	128	38	103
657	127	137	271
657	128	38	103
658	127	137	271
658	128	38	103
659	129	27	79
659	129	98	150
659	129	190	242
660	108	81	146
660	108	153	218
660	108	236	302
660	108	312	377
660	129	5	61
661	129	27	79
661	129	98	150
661	129	190	242
662	108	20	85
662	108	92	157
662	108	175	241
662	108	251	316
662	129	325	377
662	129	396	448
663	130	36	199
663	131	37	106
664	130	36	199
664	131	37	106
666	132	36	65
667	132	36	65
668	133	26	104
669	133	26	104
670	133	19	97
671	133	19	97
672	17	15	132
674	17	15	132
675	17	15	132
676	17	15	132
677	17	15	132
678	17	15	132
679	17	15	132
680	17	15	132
681	17	1	82
681	17	108	139
682	134	1	281
683	135	7	341
684	136	4	101
685	31	181	277
685	34	353	462
685	32	11	324
686	31	181	277
686	34	353	462
686	32	11	324
687	37	2	30
687	38	59	390
688	59	20	35
688	137	67	420
689	61	633	908
690	61	633	900
696	138	16	157
697	138	16	157
698	138	16	157
699	138	16	157
700	138	16	157
701	59	20	35
701	137	67	420
702	138	16	157
708	59	2	124
709	139	4	177
709	139	195	369
709	139	387	567
710	139	4	177
710	139	195	369
710	139	387	567
711	140	354	437
711	141	73	156
712	140	267	350
712	141	73	156
713	59	4	126
714	142	3	92
715	142	1	91
717	79	86	305
719	79	86	305
722	143	48	368
723	143	48	368
724	143	2	161
724	143	162	182
725	143	1	131
726	143	2	161
726	143	162	182
727	144	8	142
728	145	112	203
728	146	215	255
729	145	112	203
729	146	215	255
730	147	120	203
730	148	12	115
731	97	85	152
732	149	2	120
733	150	1	102
734	150	1	89
735	150	1	102
736	150	1	48
737	150	1	102
738	150	1	89
739	151	5	123
740	8	124	211
740	8	358	440
740	6	1	112
740	6	235	345
741	152	3	135
742	152	3	135
743	153	20	224
744	110	152	280
745	101	45	69
745	101	112	143
747	154	6	44
747	154	47	85
747	154	88	124
747	154	127	165
747	154	176	212
747	154	215	251
747	154	255	294
787	152	3	135
788	152	3	135
789	153	20	224
790	110	152	280
791	101	45	69
791	101	112	143
793	154	6	44
793	154	47	85
793	154	88	124
793	154	127	165
793	154	176	212
793	154	215	251
793	154	255	294
794	8	124	211
794	8	358	440
794	6	1	112
794	6	235	345
795	151	5	123
796	150	1	48
797	150	1	102
798	150	1	89
799	149	2	120
800	97	85	152
801	147	120	203
801	148	12	115
802	145	112	203
802	146	215	255
803	144	8	142
804	143	48	368
805	143	1	131
806	143	2	161
806	143	162	182
808	79	86	305
809	140	354	437
809	141	73	156
810	140	267	350
810	141	73	156
811	140	354	437
811	141	73	156
812	140	267	350
812	141	73	156
813	142	3	92
814	142	3	92
815	139	4	177
815	139	195	369
815	139	387	567
817	61	633	908
818	61	633	900
823	127	147	290
823	128	38	103
824	155	131	162
825	142	3	92
826	156	11	96
827	156	11	96
828	156	14	103
829	156	11	96
830	156	11	96
831	156	11	96
832	156	14	103
833	156	11	96
834	156	11	96
835	157	60	441
836	157	60	441
837	157	60	441
838	1	26	206
839	1	4	202
840	45	3	82
840	45	89	170
841	135	6	357
842	45	3	82
842	45	89	170
843	158	1	171
844	159	2	149
845	160	151	210
846	21	1	132
847	160	151	210
848	161	364	430
848	75	10	330
848	162	328	360
849	161	364	430
849	75	10	330
849	162	328	360
850	163	238	307
850	164	435	557
850	165	54	234
850	166	317	419
852	8	196	276
853	64	8	183
853	8	196	276
855	163	238	307
855	164	435	557
855	165	54	234
855	166	317	419
856	64	8	183
856	8	196	276
857	8	196	276
858	139	26	200
859	139	29	203
860	139	29	209
861	167	1	53
862	100	8	227
863	100	8	226
864	100	8	227
865	100	8	226
866	100	8	226
867	100	8	227
868	100	44	276
869	124	65	302
870	168	57	210
871	66	50	113
872	66	50	113
873	66	50	113
874	66	50	113
875	66	50	113
876	66	50	113
877	169	100	148
877	170	3	98
878	6	72	120
879	171	1	126
880	6	68	116
881	172	233	458
882	27	99	187
882	28	3	77
882	6	258	371
883	173	214	232
883	173	234	252
886	46	12	285
887	59	2	124
888	59	2	124
889	59	2	124
890	59	2	124
891	59	2	124
893	174	143	157
893	175	14	118
895	176	12	111
895	176	115	208
895	176	213	299
897	174	143	157
897	175	14	118
898	117	51	269
898	177	290	387
899	178	34	137
900	117	51	269
900	177	290	387
901	179	20	71
902	179	1	49
903	179	27	88
904	59	1	109
905	59	1	109
906	59	1	109
907	100	23	238
908	180	45	92
908	181	114	238
908	181	252	373
908	181	387	500
908	181	514	634
909	126	9	66
910	126	9	66
911	182	28	139
912	79	123	338
912	80	37	93
914	183	42	260
917	1	17	229
918	133	45	123
918	59	2	17
919	59	1	108
920	59	1	108
921	133	45	123
921	59	2	17
922	59	1	108
923	133	45	123
923	59	2	17
925	6	70	118
926	184	36	94
926	184	98	158
926	184	163	220
926	184	225	283
927	99	46	478
928	6	2	111
928	6	142	255
929	6	2	111
929	6	142	255
930	6	2	111
930	6	142	255
931	185	2	104
932	6	2	110
932	6	127	244
933	186	91	171
933	113	1	87
934	8	15	103
935	187	1	298
936	72	587	683
936	73	414	494
936	74	500	579
936	75	19	399
938	82	4	211
939	82	4	211
940	100	2	220
941	188	117	143
942	55	18	279
943	84	16	382
944	147	100	192
945	147	100	192
946	1	2	187
947	189	36	571
948	190	9	173
949	179	9	86
950	191	32	140
951	129	5	57
952	110	102	233
953	79	98	311
953	80	9	69
954	192	103	364
955	64	2	180
955	8	191	272
956	193	73	132
956	123	153	288
957	194	2	68
958	1	26	236
959	195	271	392
959	196	394	553
959	197	11	199
960	18	51	123
961	99	116	586
962	198	85	162
962	199	7	73
963	198	85	162
963	199	7	73
964	200	390	440
964	201	113	312
965	200	390	440
965	201	113	312
966	200	390	440
966	201	113	312
967	200	390	440
967	201	113	312
968	200	390	440
968	201	113	312
969	200	390	440
969	201	113	312
970	202	19	54
970	202	57	97
971	202	5	42
971	202	45	86
971	202	88	127
972	202	19	54
972	202	57	97
973	68	160	217
973	69	26	138
974	61	339	434
974	61	648	739
975	61	339	434
975	61	648	739
976	203	284	326
976	203	328	371
976	203	376	423
976	203	425	465
976	193	22	83
976	123	104	259
977	103	323	636
977	204	2	118
977	205	124	292
978	206	1	242
979	1	6	208
980	207	6	129
981	179	21	81
981	179	121	179
982	179	21	81
982	179	121	179
983	193	73	132
983	123	153	288
984	59	20	35
984	137	67	420
985	40	36	312
986	179	21	81
986	179	121	179
992	65	3	148
993	208	1	100
994	209	8	145
995	116	15	39
995	116	45	69
995	116	75	97
996	210	115	362
996	211	16	95
997	37	16	44
997	38	72	385
998	37	16	44
998	38	72	385
1000	38	14	321
1001	38	14	321
1002	38	55	365
1003	191	13	107
1004	66	21	115
1005	212	25	132
1006	213	881	901
1006	214	617	831
1006	215	228	358
1006	216	6	402
1007	217	249	418
1007	218	23	130
1008	217	249	418
1008	218	23	130
1010	123	8	163
1011	219	67	159
1012	148	2	96
1013	184	4	70
1014	184	2	58
1014	184	63	120
1014	184	125	191
1015	59	20	35
1015	148	51	154
1016	59	3	18
1016	65	32	177
1017	65	3	147
1018	135	28	331
1019	1	6	190
1020	147	185	272
1020	179	20	72
1021	79	92	303
1021	80	9	58
1022	1	9	215
1023	133	32	110
1024	203	337	379
1024	203	381	422
1024	203	424	471
1024	203	473	516
1024	193	75	124
1024	123	147	300
1025	203	337	379
1025	203	381	422
1025	203	424	471
1025	203	473	516
1025	193	75	124
1025	123	147	300
1026	220	1	222
1027	220	1	222
1028	220	1	222
1029	220	1	222
1030	221	6	106
1032	222	37	164
1033	223	31	268
1034	224	13	72
1035	133	26	104
1036	220	1	154
1037	177	12	112
1038	100	103	348
1038	96	7	88
1039	100	103	348
1039	96	7	88
1040	100	103	348
1040	96	7	88
1041	100	103	348
1041	96	7	88
1042	95	38	228
1043	138	16	157
1044	59	2	124
1045	59	2	124
1046	79	85	303
1046	80	2	59
1047	79	85	303
1047	80	2	59
1048	67	285	321
1048	147	1	78
1048	147	89	168
1048	147	179	261
1049	198	85	162
1049	199	7	73
1050	133	10	93
1050	133	141	224
1051	191	72	166
1051	191	176	270
1052	185	2	104
1053	99	39	464
1054	191	4	98
1055	193	40	89
1055	123	112	265
1056	6	3	114
1056	6	115	222
1057	37	3	31
1057	38	57	364
1058	6	7	118
1058	6	146	255
1059	225	1	132
1060	64	21	199
1060	226	332	360
1060	8	210	291
1061	99	116	586
1062	84	38	415
1063	84	1	381
1064	79	110	323
1064	80	21	81
1065	59	2	124
1066	191	2	96
1066	191	106	200
1067	191	2	96
1067	191	106	200
1072	100	101	365
1073	100	101	365
1074	100	101	365
1075	100	101	365
1076	100	101	365
1077	100	101	365
1078	100	101	365
1079	100	101	365
1080	227	67	217
1081	227	67	217
1090	1	1	189
1093	84	18	390
1097	84	20	397
1101	228	59	94
1101	84	113	476
1104	229	95	289
1104	230	5	29
1104	231	318	359
1109	232	51	123
1109	233	129	315
1112	100	5	223
1113	100	5	223
1115	100	5	223
1116	100	5	223
1118	100	5	223
1119	100	5	223
1120	100	5	223
1121	100	5	223
1124	100	5	223
1126	135	6	357
1133	59	2	124
1134	100	5	223
1135	100	5	223
1136	100	5	223
1137	100	5	223
1138	100	5	223
1139	100	5	223
1141	100	5	223
1142	3	2	128
1143	3	2	128
1144	234	343	442
1144	235	30	181
1144	236	185	330
1145	234	343	442
1145	235	30	181
1145	236	185	330
1146	123	3	158
1147	37	4	32
1147	38	58	365
1148	237	34	381
1148	238	383	462
1148	239	502	524
1149	237	34	381
1149	238	383	462
1149	239	502	524
1155	149	2	122
1158	149	2	122
1159	67	6	42
1160	67	6	42
1161	138	16	157
1162	100	3	230
1163	240	20	106
1164	240	20	106
1165	182	28	139
1166	241	3	48
1166	242	101	286
1169	241	66	194
1169	242	247	432
1170	241	66	194
1170	242	247	432
1171	241	66	194
1171	242	247	432
1172	241	66	194
1172	242	247	432
1181	168	8	146
1182	193	40	89
1182	123	112	265
1183	158	6	146
1183	5	117	254
1184	79	85	303
1184	80	2	59
1185	59	20	35
1185	137	67	420
1200	59	4	126
1201	243	483	609
1201	244	42	482
1202	158	6	201
1202	5	240	377
1203	158	6	176
1203	5	215	352
1204	158	6	201
1204	5	240	377
1205	158	6	176
1205	5	215	352
1206	59	2	124
1207	139	4	177
1207	139	195	369
1207	139	387	567
1208	139	4	177
1208	139	195	369
1208	139	387	567
1209	193	40	89
1209	123	112	265
1210	193	40	89
1210	123	112	265
1211	158	6	146
1211	5	117	254
1212	122	42	296
1213	122	42	296
1214	122	42	296
1215	4	381	398
1215	4	399	416
1215	4	492	509
1215	4	510	527
1215	4	528	545
1215	5	137	263
1216	4	381	398
1216	4	399	416
1216	4	492	509
1216	4	510	527
1216	4	528	545
1216	5	137	263
1217	4	373	390
1217	5	137	263
1218	5	137	263
1219	5	137	263
1220	158	6	176
1220	5	215	352
1221	158	6	146
1221	5	117	254
1222	122	42	296
1223	122	42	296
1224	122	42	296
1225	4	381	398
1225	4	399	416
1225	4	492	509
1225	4	510	527
1225	4	528	545
1225	5	137	263
1226	4	373	390
1226	5	137	263
1227	5	137	263
1228	5	137	263
1229	4	381	398
1229	4	399	416
1229	4	492	509
1229	4	510	527
1229	4	528	545
1229	5	137	263
1230	158	6	201
1230	5	240	377
1231	59	2	124
1232	240	20	106
1233	240	20	106
1234	240	20	106
1235	182	3	114
1236	182	2	109
1237	182	3	114
1238	142	1	91
1239	142	3	92
1240	228	59	94
1240	84	113	476
1241	17	365	482
1241	55	82	341
1241	56	9	76
1242	17	365	482
1242	55	82	341
1242	56	9	76
1243	55	81	340
1243	56	8	75
1244	79	66	285
1245	207	112	229
1246	207	112	229
1247	245	222	377
1248	246	35	311
1249	64	1	179
1249	8	188	271
1250	64	1	179
1250	8	188	271
1251	64	1	179
1251	8	188	271
1252	64	1	179
1252	8	188	271
1253	8	11	92
1254	8	11	92
1255	64	1	179
1255	8	188	271
1256	155	131	162
1257	155	131	162
1258	155	131	162
1259	155	131	162
1260	155	131	162
1261	155	131	162
1262	210	120	167
1262	211	21	100
1263	210	1	200
1264	247	151	372
1264	248	385	492
1264	249	23	95
1269	142	1	91
1270	142	3	92
1271	55	5	265
1272	96	1	80
1273	65	22	167
1274	207	3	112
1275	250	2	124
1276	38	62	369
1277	251	33	214
1278	66	180	284
1279	252	465	746
1279	253	43	163
1280	1	1	189
1281	1	1	189
1282	1	1	189
1283	138	21	171
1284	254	9	358
1285	255	38	45
1285	255	46	53
1285	255	54	61
1285	255	62	69
1285	256	112	208
1286	120	351	614
1286	257	641	679
1286	258	36	88
1286	258	101	153
1286	240	173	260
1287	120	351	614
1287	257	641	679
1287	258	36	88
1287	258	101	153
1287	240	173	260
1288	259	86	112
1288	260	39	212
1289	259	86	112
1289	260	39	212
1290	261	499	631
1290	262	51	444
1291	263	2	730
1292	264	27	170
1292	265	172	336
1293	79	133	346
1293	80	45	101
1294	225	7	150
1295	225	7	150
1296	255	60	67
1296	255	68	75
1296	255	76	83
1296	255	84	91
1296	256	134	252
1297	266	206	346
1297	267	19	56
1298	266	206	346
1298	267	19	56
1299	266	206	346
1299	267	19	56
1300	266	206	346
1300	267	19	56
1301	266	206	346
1301	267	19	56
1302	138	22	167
1303	138	22	167
1304	264	27	170
1304	265	172	336
1305	100	6	222
1306	268	6	164
1307	268	6	164
1308	268	6	164
1309	100	1	230
1310	100	1	230
1311	100	1	230
1312	225	7	150
1313	225	7	150
1314	225	7	150
1315	225	7	150
1316	225	7	150
1317	21	15	152
1318	225	7	150
1319	225	7	150
1320	225	7	150
1321	126	28	109
1322	269	61	83
1322	269	202	224
1322	270	50	76
1322	270	78	105
1322	270	125	151
1322	270	155	180
1322	270	193	217
1322	270	219	244
1323	271	12	282
1324	271	12	282
1325	271	12	282
1326	272	5	240
1327	272	5	240
1328	272	5	240
1329	37	21	49
1329	38	78	409
1330	273	3	90
1330	274	163	400
1331	138	39	189
1332	25	5	165
1333	138	39	189
1334	275	21	133
1335	276	1	282
1336	277	132	538
1336	278	1	126
1337	279	2	74
1338	280	555	1006
1338	281	142	482
1339	280	555	1006
1339	281	142	482
1340	280	555	1006
1340	281	142	482
1341	280	555	1006
1341	281	142	482
1342	280	555	1006
1342	281	142	482
1343	282	1	164
1344	61	633	908
1345	283	22	81
1346	284	128	250
1346	285	16	115
1346	286	252	389
1347	287	262	389
1348	288	1	400
1349	203	290	332
1349	203	334	377
1349	203	382	429
1349	203	431	471
1349	193	32	91
1349	123	112	267
1350	139	28	202
1350	139	220	394
1350	139	412	592
1351	289	38	271
1352	210	120	367
1352	211	21	100
1353	210	120	367
1353	211	21	100
1354	210	120	367
1354	211	21	100
1355	290	34	95
1355	291	96	162
1356	292	279	547
1356	293	74	265
1357	294	74	558
1358	295	186	460
1358	296	142	180
1359	297	3	114
1359	22	238	323
1360	95	6	204
1361	298	151	365
1361	299	1369	1419
1361	191	494	588
1361	300	2	134
1361	301	1202	1348
1361	302	392	409
1361	302	413	430
1361	166	906	1008
1361	163	827	896
1361	303	1157	1196
1361	164	1024	1146
1361	165	643	823
1362	40	380	627
1363	64	22	204
1363	8	215	296
1364	304	1	533
1365	304	1	533
1366	304	1	533
1367	154	197	221
1367	154	641	677
1367	305	225	331
1367	305	524	631
1367	100	785	1014
1367	306	681	768
1367	307	53	160
1367	308	347	504
1368	135	28	331
1369	309	97	195
1369	310	7	33
1370	311	29	341
1371	312	81	130
1371	313	236	383
1371	314	385	547
1371	315	144	219
1372	23	22	271
1374	316	21	116
1375	317	24	185
1376	318	85	132
1376	319	3	81
1377	183	44	285
1378	79	80	329
1378	320	26	66
1379	72	614	710
1379	73	441	521
1379	74	527	606
1379	75	46	426
1380	145	264	372
1380	321	154	253
1380	221	6	103
1381	322	54	81
1381	323	223	245
1382	183	48	285
1383	324	53	506
1384	133	47	124
1385	325	2	234
1386	326	40	210
1387	327	15	405
1388	1	9	212
1389	1	11	200
1390	328	63	200
1390	328	231	369
1390	329	488	577
1390	330	386	452
1392	191	4	98
1393	280	555	1006
1393	281	142	482
1394	280	555	1006
1394	281	142	482
1395	280	555	1006
1395	281	142	482
1396	331	4	92
1397	79	114	332
1397	80	29	88
1398	280	555	1006
1398	281	142	482
1399	225	7	150
1400	332	23	199
1401	333	144	312
1402	103	343	671
1402	205	55	298
1403	334	108	281
1404	334	108	281
1405	100	311	556
1405	67	86	119
1405	96	127	208
1405	96	215	296
1405	335	41	78
1406	149	1	118
1407	100	179	419
1407	96	70	151
1408	177	11	114
1409	336	35	78
1409	337	195	230
1409	337	492	529
1409	338	256	277
1409	339	600	677
1410	336	35	78
1410	337	195	230
1410	337	492	529
1410	338	256	277
1410	339	600	677
1411	336	35	78
1411	337	195	230
1411	337	492	529
1411	338	256	277
1411	339	600	677
1412	243	606	734
1412	340	1	452
1413	243	606	734
1413	340	1	452
1414	341	66	256
1414	341	278	464
1416	342	20	74
1417	343	23	100
1418	344	36	317
1419	123	9	165
1420	345	5	397
1421	331	11	106
1422	6	1	112
1423	6	1	112
1424	6	1	112
1425	6	1	112
1426	6	1	112
1427	346	8	91
1428	64	22	204
1428	8	215	296
1429	72	587	683
1429	73	414	494
1429	74	500	579
1429	75	19	399
1430	129	10	62
1430	129	105	157
1431	347	271	458
1431	348	1	252
1432	6	2	116
1433	64	22	204
1433	8	215	296
1434	349	84	294
1435	3	1	127
1436	350	2	181
1437	350	2	181
1438	351	29	298
1439	221	6	112
1440	176	19	112
1440	176	117	212
1440	176	217	310
1441	118	24	292
1442	118	24	292
1443	118	24	292
1444	352	26	115
1445	176	19	112
1445	176	117	212
1445	176	217	310
1446	176	19	112
1446	176	117	212
1446	176	217	310
1447	353	57	241
1448	353	57	235
1449	354	1	146
1450	354	1	143
1451	355	1	107
1452	356	30	199
1453	357	12	56
1454	59	3	118
1455	59	3	118
1456	59	3	119
1457	59	26	141
1458	21	1	129
1459	255	38	45
1459	255	46	53
1459	255	54	61
1459	255	62	69
1459	256	112	208
1460	21	1	129
1461	21	1	129
1462	21	1	129
1463	273	3	90
1463	274	163	400
1464	126	4	85
1465	21	1	129
1466	7	4	84
1466	8	93	175
1467	8	103	185
1467	9	13	87
1468	84	19	391
1469	84	20	397
1470	38	1	348
1471	346	139	222
1471	6	22	131
1472	346	139	222
1472	6	22	131
1473	8	15	108
1474	8	15	108
1475	133	10	93
1476	358	261	426
1477	359	384	743
1478	359	384	743
1479	360	2	213
1480	361	1	119
1481	36	1	42
1483	148	11	107
1484	55	113	373
1484	56	38	107
1485	183	48	285
1486	183	44	285
1487	183	48	285
1488	333	144	312
1489	336	9	52
1489	337	169	204
1489	337	466	503
1489	338	230	251
1489	339	574	651
1490	336	9	52
1490	337	169	204
1490	337	466	503
1490	338	230	251
1490	339	574	651
1491	346	8	91
1492	64	22	204
1492	8	215	296
1493	38	1	348
1494	183	48	285
1496	259	86	112
1496	260	39	212
1497	336	9	52
1497	337	169	204
1497	337	466	503
1497	338	230	251
1497	339	574	651
1498	336	9	52
1498	337	169	204
1498	337	466	503
1498	338	230	251
1498	339	574	651
1499	210	120	367
1499	211	21	100
1502	74	209	308
1502	362	3	201
1503	74	209	308
1503	362	3	201
1504	74	209	308
1504	362	3	201
1505	74	209	308
1505	362	3	201
1506	74	175	269
1506	362	2	167
1507	74	175	269
1507	362	2	167
1508	74	209	308
1508	362	3	201
1509	74	175	269
1509	362	2	167
1510	38	91	431
1511	38	91	431
1512	38	91	431
1513	38	91	431
1514	74	209	308
1514	362	3	201
1515	38	91	431
1516	38	91	431
1517	74	209	308
1517	362	3	201
1518	38	91	431
1519	38	91	431
1520	38	91	431
1521	74	209	308
1521	362	3	201
1522	74	175	269
1522	362	2	167
1523	363	6	197
1525	364	31	411
1526	138	22	167
1527	364	31	411
1528	138	22	167
1529	365	461	606
1529	366	197	286
1529	367	4	104
1530	1	4	122
1530	1	149	186
1531	365	461	606
1531	366	197	286
1531	367	4	104
1532	1	4	122
1532	1	149	186
1533	1	4	122
1533	1	149	186
1534	1	4	122
1534	1	149	186
1535	1	4	122
1535	1	149	186
1536	1	4	122
1536	1	149	186
1537	1	4	122
1537	1	149	186
1538	1	4	122
1538	1	149	186
1539	1	4	122
1539	1	149	186
1540	302	411	428
1541	1	4	122
1541	1	149	186
1542	1	4	122
1542	1	149	186
1543	365	461	606
1543	366	197	286
1543	367	4	104
1544	365	461	606
1544	366	197	286
1544	367	4	104
1545	1	4	122
1545	1	149	186
1546	302	411	428
1547	302	411	428
1548	302	411	428
1549	302	411	428
1550	302	411	428
1551	302	411	428
1552	124	84	369
1552	125	169	194
1553	121	32	180
1554	302	411	428
1555	302	411	428
1556	168	22	173
1557	368	157	516
1558	273	41	121
1558	369	160	445
1559	273	41	121
1559	369	160	445
1561	6	1	116
1561	6	133	239
1561	370	268	299
1562	302	411	428
1563	168	22	173
1564	302	411	428
1565	168	22	173
1566	168	22	173
1567	168	22	173
1568	168	22	173
1569	168	22	173
1570	168	22	173
1571	168	22	173
1572	168	22	173
1573	6	1	116
1573	6	133	239
1573	370	269	300
1574	168	22	173
1575	339	3	102
1576	371	55	136
1577	372	34	185
1578	372	34	185
1579	6	31	145
1580	6	31	145
1581	168	22	173
1582	168	22	173
1583	373	167	252
1584	374	22	88
1585	374	22	88
1586	374	22	88
1587	375	1	47
1588	375	1	47
1589	374	1	66
1590	374	1	66
1591	374	1	66
1592	374	1	66
1593	374	1	66
1594	374	1	66
1595	374	1	65
1596	40	48	287
1597	374	2	65
1598	374	22	88
1599	374	22	88
1600	374	22	88
1601	374	22	88
1602	374	22	88
1603	374	22	88
1604	374	22	88
1605	374	22	88
1606	374	22	88
1607	374	22	88
1608	374	22	88
1609	374	22	88
1610	374	22	88
1611	374	22	88
1612	40	48	287
1613	374	2	65
1614	374	1	65
1615	374	24	88
1616	374	2	65
1617	40	48	287
1618	374	2	65
1619	376	33	468
1620	302	411	428
1621	302	411	428
1622	374	22	88
1623	374	22	88
1624	374	22	88
1625	374	22	88
1626	373	166	251
1627	373	166	251
1628	139	10	184
1628	139	202	376
1628	139	394	574
1629	3	1	127
1630	374	22	88
1631	377	44	422
1632	139	10	184
1632	139	202	376
1632	139	394	574
1633	378	36	251
1634	1	1	189
1635	203	183	225
1635	203	227	270
1635	203	275	322
1635	203	324	365
1635	123	3	158
1636	203	183	225
1636	203	227	270
1636	203	275	322
1636	203	324	365
1636	123	3	158
1637	379	211	505
1637	380	34	209
1638	374	22	88
1639	129	4	56
1640	325	2	230
1641	325	2	230
1642	325	2	230
1643	325	2	230
1644	325	2	230
1645	110	33	151
1646	212	2	112
1647	6	2	112
1648	122	71	301
1649	203	366	409
1649	203	411	454
1649	203	459	506
1649	203	508	551
1649	381	124	165
1649	381	182	223
1649	381	240	281
1649	123	9	337
1650	203	366	409
1650	203	411	454
1650	203	459	506
1650	203	508	551
1650	381	124	165
1650	381	182	223
1650	381	240	281
1650	123	9	337
1651	225	7	150
1653	302	411	428
1654	129	4	56
1655	129	4	56
1657	191	4	98
1658	325	4	230
1659	302	411	428
1660	302	411	428
1661	302	411	428
1662	110	157	278
1663	302	411	428
1664	302	411	428
1665	302	411	428
1666	302	411	428
1667	302	411	428
1668	302	411	428
1669	3	1	127
1670	3	1	127
1671	3	1	127
1672	3	1	127
1673	3	1	127
1674	3	1	127
1675	3	1	127
1676	3	1	127
1677	3	1	127
1678	3	1	127
1679	3	1	127
1680	382	1	27
1681	3	1	127
1682	3	1	127
1683	3	1	127
1684	3	1	127
1685	3	1	127
1686	3	1	127
1687	3	1	127
1688	3	1	127
1689	3	1	127
1690	3	1	127
1691	3	1	127
1692	3	1	127
1693	3	1	127
1694	3	1	127
1695	3	1	127
1696	3	1	127
1697	3	1	127
1698	383	26	157
1699	374	1	67
1700	374	1	64
1701	374	1	64
1702	374	1	64
1703	374	2	65
1704	383	26	157
1705	383	26	157
1706	383	26	157
1707	383	26	157
1709	383	26	157
1714	110	157	278
1727	110	157	278
1736	383	26	157
1738	384	37	159
1738	384	167	284
1739	385	18	111
1739	305	118	227
1740	385	18	111
1740	305	118	227
1741	385	18	111
1741	305	118	227
1742	122	71	301
1743	385	18	111
1743	305	118	227
1744	352	27	131
1745	352	27	131
1746	352	27	131
1747	352	27	131
1748	352	27	131
1749	352	27	131
1750	352	27	131
1751	383	26	157
1752	377	44	422
1753	383	26	157
1754	383	26	157
1755	385	1	93
1756	385	1	93
1757	385	1	93
1758	386	22	524
1759	386	22	524
1760	387	2	95
1761	388	11	291
1762	388	11	291
1763	387	9	101
1764	388	11	291
1765	386	23	527
1766	387	9	101
1767	389	4	330
1767	390	111	298
1768	75	21	443
1769	100	311	556
1769	67	86	119
1769	96	127	208
1769	96	215	296
1769	335	41	78
1780	168	21	172
1781	168	22	173
1782	168	21	172
1783	168	22	173
1784	391	258	296
1784	392	36	151
1786	393	95	206
1787	393	95	206
1788	393	95	206
1789	393	95	206
1795	394	22	146
1795	394	153	279
1795	394	282	399
1796	122	71	301
1798	75	128	522
1799	395	1	115
1800	396	1	194
1801	396	1	194
1802	396	1	240
1803	5	77	211
1803	397	2	52
1804	217	202	382
1804	218	8	115
1805	217	202	382
1805	218	8	115
1806	217	202	382
1806	218	8	115
1807	398	11	305
1808	210	120	367
1808	211	21	100
1809	59	2	102
1811	38	29	373
1812	38	29	373
1813	38	29	373
1814	38	29	373
1815	378	36	251
1816	59	2	102
1817	75	21	443
1818	59	2	102
1819	59	2	102
1820	120	23	307
1821	120	23	307
1822	399	72	452
1823	399	72	452
1824	105	54	471
1825	1	4	188
1826	1	4	188
1828	5	77	211
1828	397	2	52
1829	5	77	211
1829	397	2	52
1830	5	77	211
1830	397	2	52
1831	5	77	211
1831	397	2	52
1832	5	77	211
1832	397	2	52
1833	1	4	188
1835	393	95	206
1836	398	11	305
1837	6	2	112
1838	212	2	112
1839	386	23	527
1840	38	29	373
1841	400	41	165
1842	38	29	373
1843	378	36	251
1844	378	36	251
1845	100	1	230
1846	401	15	148
1847	129	10	62
1847	129	105	157
1848	129	10	62
1848	129	105	157
1849	129	10	62
1849	129	105	157
1850	129	10	62
1850	129	105	157
1852	402	65	231
1853	402	65	231
1854	403	1	20
1855	402	127	273
1856	402	65	231
1857	1	1	32
1857	1	35	174
1865	404	31	262
1865	404	320	553
1866	404	31	262
1866	404	320	553
1867	404	31	262
1867	404	320	553
1868	386	23	527
1869	401	15	148
1870	401	15	148
1871	267	5	43
1872	404	31	262
1872	404	320	553
1873	267	5	43
1874	267	5	43
1875	405	2	98
1876	406	17	111
1877	386	23	527
1878	401	15	148
1879	267	5	43
1880	407	93	151
1881	351	1	259
1882	120	36	321
1883	408	5	162
1884	408	5	162
1885	408	5	162
1886	408	5	162
1887	408	5	162
1888	408	5	162
1889	408	5	162
1890	409	48	216
1891	410	182	306
1891	410	313	433
1891	130	1	174
1892	410	7	131
1892	410	138	258
1893	410	182	306
1893	410	313	433
1893	130	1	174
1894	96	12	89
1894	96	126	203
1894	96	230	309
1895	96	12	89
1895	96	126	203
1895	96	230	309
1896	96	12	89
1896	96	126	203
1896	96	230	309
1897	96	12	89
1897	96	126	203
1897	96	230	309
1898	411	1	153
1899	412	8	505
1900	96	12	89
1900	96	126	203
1900	96	230	309
1901	66	184	298
1902	149	1	124
1903	413	363	442
1903	414	114	193
1903	414	455	536
1903	415	1	110
1903	415	211	296
1904	113	3	95
1905	416	3	152
1905	417	157	314
1906	17	15	132
1907	96	12	89
1908	203	331	375
1908	203	377	421
1908	203	423	470
1908	203	472	519
1908	193	52	114
1908	123	141	294
1909	203	331	375
1909	203	377	421
1909	203	423	470
1909	203	472	519
1909	193	52	114
1909	123	141	294
1910	418	62	439
1910	418	460	694
1910	419	10	44
1911	420	246	383
1911	421	3	243
1912	420	246	383
1912	421	3	243
1913	420	246	383
1913	421	3	243
1914	420	246	383
1914	421	3	243
1915	420	246	383
1915	421	3	243
1916	352	32	111
1917	210	120	367
1917	211	21	100
1918	422	30	152
1919	210	120	367
1919	211	21	100
1920	210	120	367
1920	211	21	100
1921	9	20	94
1922	1	2	199
1923	1	2	199
1924	30	3	185
1925	361	1	122
1926	100	168	417
1926	423	119	167
1926	96	15	93
1927	3	1	127
1928	424	201	298
1928	158	1	174
1929	120	79	341
1929	257	361	406
1929	425	462	546
1930	98	995	1570
1931	84	34	77
1932	426	5	245
1933	247	148	373
1933	248	385	489
1933	249	24	92
1934	99	28	449
1935	427	25	138
1936	428	58	190
1936	429	206	438
1937	430	84	174
1938	430	84	174
1939	430	82	172
1940	176	15	103
1940	176	112	200
1940	176	213	295
1941	431	32	94
1942	431	32	94
1943	212	6	109
1944	38	16	323
1945	432	28	226
1946	433	323	722
1946	434	239	314
1947	138	21	171
1948	184	3	59
1948	184	64	121
1948	184	126	192
1948	184	198	253
1948	184	259	317
1948	184	322	378
1948	184	384	440
1950	100	1	230
1952	125	6	30
1952	125	47	61
1953	435	331	486
1954	435	320	480
1955	436	5	58
1956	183	18	269
1957	437	1	20
1958	126	6	63
1959	438	47	134
1961	439	1340	1381
1961	440	593	666
1961	440	705	776
1961	440	816	887
1961	440	926	997
1961	440	1037	1107
1961	441	17	43
1961	435	394	559
1962	442	21	279
1963	45	2	81
1963	45	88	169
1964	45	2	81
1964	45	88	169
1965	177	28	132
1967	59	2	124
1968	99	86	556
1969	99	86	556
1970	23	2	251
1971	443	44	179
1971	444	204	628
1972	443	44	179
1972	444	204	628
1973	304	14	563
1973	445	578	614
1974	66	20	137
1975	66	20	137
1976	135	33	358
1977	446	27	329
1978	447	17	1219
1979	299	179	230
1979	301	14	159
1980	299	179	230
1980	301	14	159
1981	448	69	192
1981	449	417	465
1982	6	1	106
1983	450	1	123
1984	450	1	123
1985	450	1	123
1986	450	1	123
1987	450	1	123
1988	451	1	185
1989	451	1	185
1990	452	3	301
1991	453	64	73
1991	453	326	335
1991	6	3	121
1991	6	137	244
1991	6	265	383
1991	6	399	506
1992	454	355	407
1992	455	1	345
1992	370	408	439
1993	31	179	276
1993	34	351	460
1993	32	8	322
1994	456	140	196
1994	457	668	750
1995	99	1	127
1996	7	4	84
1996	8	93	175
1997	391	1	32
1998	7	4	84
1998	8	93	175
1999	8	11	92
2000	7	4	84
2000	8	93	175
2001	391	1	32
2002	99	1	127
2003	99	1	127
2005	8	11	92
2006	8	11	92
2007	3	1	128
2008	3	1	128
2009	3	1	128
2010	3	1	128
2011	3	1	128
2012	3	1	128
2013	3	1	128
2014	3	1	128
2015	3	1	128
2016	3	1	128
2017	413	363	442
2017	414	114	193
2017	414	455	536
2017	415	1	110
2017	415	211	296
2018	458	31	178
2019	458	31	178
2020	458	31	178
2021	458	31	178
2022	458	31	178
2023	458	31	178
2024	458	31	178
2025	458	31	178
2026	244	4	416
2027	55	113	373
2027	56	38	107
2028	55	6	266
2029	149	1	122
2030	149	1	122
2031	408	6	163
2032	123	10	165
2033	67	1642	1685
2033	98	968	1523
2034	459	13	154
2035	183	18	265
2036	460	9	129
2037	3	19	45
2038	460	9	129
2039	3	19	45
2040	461	598	685
2040	462	322	389
2040	463	7	279
2040	464	477	596
2041	461	598	685
2041	462	322	389
2041	463	7	279
2041	464	477	596
2042	461	598	685
2042	462	322	389
2042	463	7	279
2042	464	477	596
2043	3	19	45
2044	3	19	45
2045	3	19	45
2046	3	19	45
2047	461	598	685
2047	462	322	389
2047	463	7	279
2047	464	477	596
2048	461	598	685
2048	462	322	389
2048	463	7	279
2048	464	477	596
2049	461	598	685
2049	462	322	389
2049	463	7	279
2049	464	477	596
2050	461	598	685
2050	462	322	389
2050	463	7	279
2050	464	477	596
2051	465	1	99
2052	465	1	99
2053	466	56	311
2054	467	6	74
2054	468	80	118
2055	177	35	139
2056	188	128	156
2057	38	30	347
2058	469	177	283
2059	3	19	45
2060	3	19	45
2061	3	19	45
2062	3	19	45
2063	3	19	45
2064	3	19	45
2065	99	27	236
2066	99	1	109
2068	99	28	360
2069	99	1	228
2070	99	28	338
2071	99	28	360
2072	99	28	360
2074	341	49	239
2074	341	261	447
2075	341	68	256
2075	341	279	465
2076	341	68	256
2076	341	279	465
2077	341	68	256
2077	341	279	465
2078	470	6	112
2079	471	5	84
2080	96	12	89
2081	472	27	202
2082	99	28	338
2083	473	13	169
2084	473	13	169
2085	473	13	169
2086	254	9	358
2087	474	1	76
2088	475	31	220
2088	476	8	30
2089	475	31	220
2089	476	8	30
2090	149	1	124
2092	477	12	95
2093	126	4	85
2094	400	24	224
2095	177	12	112
2096	177	12	112
2097	478	33	129
2098	176	9	104
2098	176	109	201
2098	176	208	298
2099	479	1	195
2100	255	29	36
2100	255	37	44
2100	255	45	52
2100	255	53	60
2100	255	61	68
2100	256	111	208
2101	38	139	449
2102	480	93	483
2103	23	2	251
2103	82	247	417
2104	66	23	134
2105	177	16	120
2106	374	1	64
2107	481	1	154
2108	79	365	411
2110	381	110	151
2110	381	168	209
2110	381	227	268
2110	123	1	324
2111	482	9	210
2112	21	1	129
2114	483	1	55
2115	110	43	171
2116	122	55	264
2117	484	37	239
2118	485	6	154
2119	168	22	173
2120	168	22	173
2121	201	5	201
2121	486	219	290
2122	19	4	163
2123	100	8	238
2124	487	4	156
2125	59	27	143
2126	24	13	59
2126	24	65	109
2128	21	15	154
2129	21	15	154
2130	21	15	154
2131	21	15	154
2132	184	1	59
2132	184	64	121
2133	111	500	725
2133	488	114	362
2133	112	364	496
2134	283	1	62
2135	100	1	229
2136	1	7	185
2137	489	1	184
2138	1	7	185
2139	96	12	89
2140	477	1	76
2141	477	1	76
2142	329	404	516
2142	490	25	136
2142	490	151	268
2143	100	159	399
2143	96	50	131
2144	491	199	330
2144	492	71	99
2144	493	1896	2020
2144	392	2036	2166
2144	392	2189	2323
2145	494	2	352
2146	312	47	92
2146	313	282	361
2146	314	363	540
2147	312	47	92
2147	313	282	361
2147	314	363	540
2148	494	2	352
2149	374	2	64
2150	495	123	206
2151	496	1	381
2152	159	1	148
2153	159	1	148
2154	159	1	148
2155	159	1	148
2156	159	1	148
2157	159	1	148
2158	159	1	148
2159	159	1	148
2160	159	1	148
2161	159	1	148
2162	159	1	148
2163	159	1	148
2164	159	1	148
2165	159	1	148
2166	159	1	148
2167	159	1	148
2168	159	1	148
2169	159	1	148
2170	159	1	148
2171	159	1	148
2172	159	1	148
2173	159	1	148
2174	159	1	148
2175	159	1	148
2176	159	1	148
2177	159	1	148
2178	159	1	148
2179	159	1	148
2180	159	1	148
2181	159	1	148
2182	159	1	148
2183	159	1	148
2184	159	1	148
2185	159	1	148
2186	159	1	148
2187	159	1	148
2188	159	1	148
2189	159	1	148
2190	159	1	148
2191	159	1	148
2192	159	1	148
2193	159	1	148
2194	159	1	148
2195	159	1	148
2196	159	1	148
2197	159	1	148
2198	122	42	256
2199	122	42	256
2200	122	42	256
2201	122	42	256
2202	67	6	42
2203	69	4	114
2203	497	151	227
2204	498	142	363
2204	69	6	116
2205	329	255	352
2205	490	28	79
2205	499	151	216
2206	500	24	310
2207	329	255	352
2207	490	28	79
2207	499	151	216
2208	498	142	363
2208	69	6	116
2209	374	2	64
2210	449	1	49
2210	449	106	164
2210	449	174	204
2210	449	238	298
2210	449	306	361
2210	449	368	405
2210	449	407	434
2210	449	435	471
2210	449	496	555
2210	449	593	641
2210	449	642	691
2210	449	693	744
2210	449	750	791
2210	449	803	843
2210	449	849	908
2210	449	919	978
2210	449	988	1046
2210	449	1060	1119
2210	449	1141	1200
2210	449	1229	1288
2210	501	1301	1408
2210	501	1409	1523
2211	105	52	469
2212	105	52	469
2213	105	52	469
2214	105	52	469
2215	502	609	677
2215	503	414	534
2216	177	5	110
2217	504	9	87
2218	391	1	32
2219	81	5	258
2220	250	1	125
2221	177	2	100
2222	6	5	100
2224	100	159	399
2224	96	50	131
2225	290	2	63
2225	291	64	130
2226	505	452	1312
2226	173	1326	1345
2226	173	1380	1399
2227	506	2	146
2228	507	45	249
2229	507	45	249
2230	200	325	373
2231	508	27	94
2231	508	108	171
2232	135	14	300
2233	100	1	218
2234	190	1	166
2235	66	31	135
2236	509	1	102
2238	1	4	188
2239	1	4	188
2240	510	48	418
2241	38	91	431
2242	6	5	100
2243	384	54	176
2243	384	184	301
2244	154	451	486
2244	154	488	523
2244	154	525	559
2244	154	565	602
2244	305	228	331
2244	305	340	444
2244	100	615	849
2244	307	85	193
2245	511	68	210
2246	512	22	147
2247	512	22	147
2248	494	2	352
2250	513	147	202
2250	126	53	110
2251	44	14	61
2252	79	1	216
2253	61	62	233
2253	61	320	502
2254	61	62	233
2254	61	320	502
2255	514	1	429
2256	100	1	219
2257	138	5	131
2258	3	19	138
2259	203	212	255
2259	203	257	301
2259	203	304	350
2259	203	352	397
2259	123	7	173
2260	4	381	398
2260	4	492	509
2260	4	510	527
2260	4	528	545
2260	5	137	263
2261	120	456	734
2262	209	8	154
2263	332	1	176
2264	120	34	319
2264	515	434	608
2265	516	9	78
2266	120	221	488
2266	257	543	575
2267	517	9	256
2268	122	49	134
2269	518	137	308
2269	519	1	130
2269	520	313	460
2270	521	311	673
2270	521	682	695
2270	522	26	242
2270	443	386	536
2271	523	30	179
2272	219	55	147
2273	302	18	35
2273	302	44	61
2273	302	70	87
2273	302	96	113
2273	302	122	139
2273	302	151	168
2273	302	175	192
2275	1	9	176
2276	524	170	230
2277	518	138	309
2277	519	1	131
2278	66	244	351
2278	525	198	243
2278	449	24	70
2278	449	77	136
2278	449	137	196
2279	526	224	307
2279	527	344	507
2281	18	82	152
2282	332	1	176
2283	67	328	371
2283	98	1	209
2284	528	3	70
2285	529	27	99
2286	99	102	572
2287	530	4	212
2288	531	1	94
2289	531	1	93
2290	531	1	94
2291	532	77	152
2292	532	77	152
2293	120	23	307
2294	3	19	45
2295	3	19	45
2296	1	2	199
2297	19	7	161
2298	19	7	161
2299	533	8	68
2300	21	1	129
2301	21	1	129
2302	526	3	87
2303	534	1	145
2304	535	161	502
2304	366	67	145
2305	536	1	221
2306	352	3	79
2308	118	17	339
2308	118	343	659
2309	122	42	296
2310	157	39	384
2311	157	39	384
2312	394	14	136
2313	394	14	136
2314	59	2	124
2315	59	2	124
2316	79	143	382
2316	80	32	90
2317	537	138	331
2320	536	1	221
2321	395	21	413
2322	395	21	413
2323	395	21	413
2324	395	21	413
2326	395	21	413
2327	395	21	413
2328	395	21	413
2329	395	21	413
2330	395	21	413
2331	395	21	413
2332	395	21	413
2333	395	21	413
2334	395	21	413
2335	395	21	413
2336	395	21	413
2337	395	21	413
2338	395	21	413
2339	395	21	413
2340	100	13	249
2341	538	3	148
2344	227	46	196
2345	3	1	127
2346	3	1	127
2347	3	1	127
2348	3	1	127
2349	3	1	127
2350	124	393	625
2350	490	49	154
2351	100	1	216
2352	124	75	330
2353	3	1	127
2354	79	263	482
2354	80	165	222
2355	539	2	63
2356	79	143	382
2356	80	32	90
2358	424	201	298
2358	158	1	174
2359	540	18	75
2360	29	1	166
2361	541	115	179
2361	541	189	259
2361	542	260	311
2362	541	115	179
2362	541	189	259
2362	542	260	311
2363	79	90	301
2363	80	8	57
2364	3	1	127
2365	81	5	258
2366	81	5	258
2367	3	1	127
2368	543	2	160
2369	543	2	160
