redox_conc_id	refolding_id	redox_concentration
1	400	0.1mM
2	401	n/a
3	402	0.1mM
4	403	n/a
5	404	0.1mM
6	405	0.1mM
7	406	0.1mM
8	407	0.1mM
9	408	0.1mM
10	409	0.1mM
11	410	0.1mM
12	411	0.1mM
13	412	0.1mM
14	413	0.1mM
15	414	0.1mM
16	415	0.1mM
17	416	0.1mM
18	417	6/0.6mM
19	418	6/0.6mM
20	419	6/0.6mM
21	420	n/a
22	421	0.1mM
23	422	0.1mM
24	423	0.1mM
25	424	0.1mM
26	425	0.1mM
27	426	0.1mM
28	427	0.1mM
29	428	0.1mM
30	429	0.1mM
31	430	0.1mM
32	431	0.1mM
33	432	0.1mM
34	433	0.1mM
35	434	0.1mM
36	435	6/0.6mM
37	436	6/0.6mM
38	437	6/0.6mM
39	438	6/0.6mM
40	439	6/0.6mM
41	440	6/0.6mM
42	441	n/a
43	442	n/a
44	443	n/a
45	444	n/a
46	445	n/a
47	446	5mM/0.5mM
48	447	5mM/0.5mM
49	448	20
50	449	20
51	450	n/a
52	451	5 mM
53	452	1.5 mM
54	453	5 mM
55	454	5 mM
56	455	1.5 mM
57	456	1.5 mM
58	457	20
59	458	20
60	459	20
61	460	20
62	461	20
63	462	20
64	463	20
65	464	20
66	465	1 mM
67	466	1 mM
68	467	1 mM
69	468	n/a
71	470	n/a
72	471	n/a
73	472	n/a
74	473	n/a
75	474	n/a
77	476	n/a
78	477	n/a
79	478	10 mM
80	479	10 mM
81	480	n/a
82	481	0.2mM
83	482	n/a
84	483	n/a
85	484	3mM
86	485	3mM
87	486	3mM
88	487	30 mM
89	488	n/a
90	489	30 mM
91	490	n/a
92	491	375microM
93	492	n/a
94	493	n/a
95	494	n/a
96	495	4.0/0.4mM
97	496	4.0/0.4mM
98	497	10microM
99	498	10microM
100	499	n/a
101	500	n/a
102	501	0.2
103	502	0.2
104	503	n/a
105	504	5%
106	505	1 mM
107	506	1 mM
108	507	1 mM
109	508	n/a
110	509	n/a
111	510	n/a
112	511	n/a
113	512	n/a
114	513	n/a
115	514	n/a
116	515	n/a
117	516	n/a
118	517	n/a
119	518	n/a
120	519	n/a
121	520	1 mM
122	521	0.1mM
123	522	1mM
124	523	n/a
125	524	n/a
126	525	n/a
127	526	n/a
128	527	n/a
129	528	n/a
130	529	0.1 mM
131	530	0.1 mM
132	531	n/a
133	532	n/a
134	533	n/a
135	534	n/a
136	535	n/a
137	536	n/a
138	537	n/a
139	538	n/a
140	539	n/a
141	540	n/a
142	541	n/a
143	542	20mM
144	543	20mM
145	544	5mM
146	545	1.0mM/0.5mM
147	546	1%
148	547	1%
149	548	1%
150	549	n/a
151	550	n/a
152	551	n/a
153	552	1%
154	553	1%
155	554	n/a
156	555	n/a
157	556	n/a
158	557	n/a
159	558	n/a
160	559	n/a
161	560	n/a
162	561	n/a
163	562	n/a
164	563	n/a
165	564	0.5mM/5mM
167	566	0.5mM/5mM
168	567	0.5mM/5mM
169	568	0.5mM/5mM
170	569	0.5mM/5mM
171	570	1mM
172	571	1mM
173	572	1mM
174	573	1mM
175	574	n/a
176	575	n/a
177	576	1mM
178	577	1mM
179	578	1mM
180	579	1mM
181	580	1mM
182	581	n/a
183	582	1mM
184	583	1mM
185	584	1mM
186	585	1mM
187	586	1mM
188	587	n/a
189	588	1mM
190	589	5mM
191	590	n/a
192	591	1mM/0.1mM
193	592	1mM/0.1mM
194	593	1mM/0.1mM
195	594	1mM/0.1mM
196	595	n/a
197	596	1mM/0.1mM
198	597	1mM/0.1mM
199	598	n/a
200	599	n/a
201	600	n/a
202	601	1mM
203	602	1mM
204	603	n/a
205	604	n/a
206	605	0.5
207	606	10mM
208	607	10mM
209	608	10mM
210	609	10mM
211	610	5mM
212	611	n/a
213	612	n/a
214	613	n/a
215	614	n/a
216	615	n/a
217	616	n/a
218	617	0.5mM
219	618	0.5mM
220	619	0.5mM
221	620	n/a
222	621	1 mM
223	622	1 mM
224	623	1 mM
225	624	1 mM
226	625	0.3 mM
227	626	10mM
228	627	0.05/0.2/5-10mM
229	628	8 mM/ 4 mM respectively
230	629	8 mM/ 4 mM respectively
231	630	8 mM/ 4 mM respectively
232	631	8mM
233	632	4 mM/ 2 mM respectively
234	633	4 mM/ 2 mM respectively
235	634	4 mM/ 2 mM respectively
236	635	4 mM/ 2 mM respectively
237	636	4 mM/ 2 mM respectively
238	637	4 mM/ 2 mM respectively
239	638	4 mM/ 2 mM respectively
240	639	4 mM/ 2 mM respectively
241	640	4 mM/ 2 mM respectively
242	641	4 mM/ 2 mM respectively
243	642	4 mM/ 2 mM respectively
244	643	4 mM/ 2 mM respectively
245	644	4 mM/ 2 mM respectively
246	645	4 mM/ 2 mM respectively
247	646	4 mM/ 2 mM respectively
248	647	4 mM/ 2 mM respectively
249	648	4 mM/ 2 mM respectively
250	649	4 mM/ 2 mM respectively
251	650	4 mM/ 2 mM respectively
252	651	4 mM/ 2 mM respectively
253	652	4 mM/ 2 mM respectively
254	653	4 mM/ 2 mM respectively
255	654	4 mM/ 2 mM respectively
256	655	4 mM/ 2 mM respectively
257	656	4 mM/ 2 mM respectively
258	657	4 mM/ 2 mM respectively
259	658	4 mM/ 2 mM respectively
260	659	4 mM/ 2 mM respectively
261	660	4 mM/ 2 mM respectively
262	661	4 mM/ 2 mM respectively
263	662	8mM
264	663	1mM
265	664	6.3 mM/ 3.7 mM respectively
266	665	0.3mM
267	666	8mM
268	667	0.3mM
269	668	0.3mM
270	669	n/a
271	670	8mM
272	671	n/a
273	672	n/a
274	673	n/a
275	674	2mM, 0.5mM
276	675	2mM/0.2mM
277	676	n/a
278	677	2.5mM
279	678	10mM
280	679	n/a
281	680	n/a
282	681	n/a
283	682	n/a
284	683	n/a
285	684	1.25mM/0.25mM
286	685	n/a
287	686	n/a
288	687	10mM
289	688	10mM
290	689	100microM
291	690	1mM
292	691	1mM
293	692	1mM
294	693	1mM/0.2mM
295	694	1mM/0.2mM
296	695	1mM/0.2mM
297	696	2mM
298	697	2mM
299	698	2mM
300	699	2mM
301	700	n/a
302	701	n/a
303	702	n/a
304	703	1mM
305	704	10mM/1mM/1mM
306	705	1mM
307	706	1mM
308	707	1mM
309	708	1mM
310	709	n/a
311	710	n/a
312	711	n/a
313	712	n/a
314	713	n/a
315	714	n/a
316	715	n/a
317	716	n/a
318	717	n/a
319	718	n/a
320	719	n/a
321	720	n/a
322	721	n/a
323	722	3mM/0.3mM
324	723	3mM/0.3mM
325	724	5mM
326	725	1mM
327	726	0.2M
328	727	0.2M
329	728	0.2M
330	729	0.2M
331	730	0.2M
332	731	0.2M
333	732	0.2M
334	733	0.5/1mM
335	734	0.5/1mM
336	735	0.5/1mM
337	736	0.5/1mM
338	737	0.5/1mM
339	738	1mM
340	739	0.5/1mM
341	740	n/a
343	742	n/a
346	745	4mM/0.4mM
347	746	2.2/1.1mM
348	747	2.2/1.1mM
349	748	n/a
350	749	n/a
352	751	n/a
353	752	n/a
354	753	n/a
355	754	n/a
356	755	1mM/1mM
357	756	3mM/0.3mM
358	757	n/a
359	758	4mM
360	759	4mM
361	760	4mM
362	761	4mM
363	762	4mM
364	763	n/a
365	764	3mM
366	765	3mM
367	766	2mM/0.2mM
368	767	2.5mM/0.25mM
369	768	3mM
370	769	1mM/1mM
371	770	1mM/1mM
372	771	1mM/1mM
373	772	1mM/1mM
374	773	1mM/1mM
375	774	1mM/1mM
376	775	n/a
377	776	n/a
378	777	5mM
379	778	5mM
380	779	10mM
381	780	1-2mM
382	781	10mM
383	782	5mM
384	783	10mM/1mM
385	742	n/a
386	742	n/a
387	742	n/a
388	742	n/a
389	742	n/a
390	742	n/a
391	742	n/a
392	742	n/a
393	742	n/a
394	742	n/a
395	742	n/a
396	742	n/a
397	754	n/a
398	754	n/a
399	754	n/a
400	754	n/a
401	754	n/a
402	754	n/a
403	754	n/a
404	754	n/a
405	754	n/a
406	754	n/a
407	754	n/a
408	754	n/a
409	754	n/a
410	754	n/a
411	754	n/a
412	754	n/a
413	754	n/a
414	754	n/a
415	754	n/a
416	777	5mM
417	778	5mM
418	779	10mM
419	780	1-2mM
420	781	10mM
421	782	5mM
422	783	10mM/1mM
423	776	n/a
424	775	n/a
425	772	1mM/1mM
426	773	1mM/1mM
427	774	1mM/1mM
428	768	3mM
429	767	2.5mM/0.25mM
430	766	2mM/0.2mM
431	764	3mM
432	763	n/a
433	759	4mM
434	761	4mM
435	762	4mM
436	756	3mM/0.3mM
437	755	1mM/1mM
438	748	n/a
439	749	n/a
440	748	n/a
441	749	n/a
442	754	n/a
443	726	0.2M
444	727	0.2M
445	729	0.2M
446	730	0.2M
447	731	0.2M
448	732	0.2M
449	693	1mM/0.2mM
450	784	n/a
451	785	10mM
452	786	0.1mM
453	785	10mM
454	784	n/a
455	787	0.1mM
456	786	0.1mM
457	785	10mM
458	784	n/a
459	114	n/a
460	114	n/a
461	114	5mM
462	205	1mM
463	206	1mM
464	202	n/a
465	155	n/a
466	202	n/a
467	198	n/a
468	199	n/a
469	197	1mM
470	196	n/a
471	197	1mM
472	193	n/a
473	193	n/a
474	192	2mM/0.2mM
475	190	n/a
476	173	8mM
477	174	8mM
478	190	n/a
479	192	2mM/0.2mM
480	174	8mM
481	173	8mM
482	163	1mM
483	164	1mM
484	165	1mM
485	229	n/a
486	154	2mM/0.2mM
487	788	2mM/0.2mM
488	154	2mM/0.2mM
489	154	2mM/0.2mM
490	788	2mM/0.2mM
491	228	0.5mM/0.5mM
492	230	5mM
493	231	n/a
494	232	n/a
495	232	2mM
496	234	n/a
497	218	3mM/0.3mM
498	182	n/a
499	221	0.3mM
500	172	10mM
501	158	1mM/0.2mM
502	185	n/a
503	184	n/a
504	168	n/a
505	159	n/a
506	222	8mM
507	789	8mM
508	790	8mM
509	222	8mM
510	186	n/a
511	791	n/a
512	186	n/a
513	171	n/a
514	186	n/a
515	791	n/a
516	169	1.3mM/1mM/1mM
517	161	n/a
518	169	1.3mM/1mM/1mM
519	188	n/a
520	792	n/a
521	175	n/a
522	223	1mM/0.4mM
523	793	1mM/0.4mM
524	223	1mM/0.4mM
525	156	3mM/0.3mM
526	189	n/a
527	233	n/a
528	219	5mM/0.5mM
529	210	1mM/0.1mM
530	209	3.75mM
531	225	0.1-0.7mM/0.1-1mM
534	224	n/a
535	211	1mM/0.4mM
536	212	1mM/0.4mM
537	794	1mM/0.4mM
538	211	1mM/0.4mM
539	212	1mM/0.4mM
540	213	n/a
541	207	5mM/0.5mM
542	208	5mM/0.5mM
543	203	1mM/2mM
544	204	1mM/0.5mM
545	201	0.4mM
546	201	0.4mM
547	200	n/a
548	176	n/a
549	191	0.01%
550	194	5mM
551	195	n/a
552	85	n/a
553	49	5mM/0.5mM
554	364	8mM/1mM
555	15	10mM
556	352	n/a
557	238	1mM
558	237	0.1mM
559	236	0.1mM
561	287	n/a
562	240	1mM
563	292	n/a
564	298	1mM
565	296	n/a
566	295	n/a
567	294	1mM/0.1mM
568	301	n/a
569	309	5mM/0.5mM
570	303	n/a
571	304	2mM
572	306	0.1mM
573	307	0.1mM
574	220	1mM/5mM
575	215	1mM/0.25mM
576	217	n/a
577	217	n/a
578	390	n/a
579	390	n/a
580	390	n/a
581	390	1mM/0.1mM
582	390	n/a
583	300	n/a
584	299	6mM
585	300	6mM
586	318	10mM
587	317	0.2mM
588	317	0.2mM
589	315	n/a
590	314	n/a
591	313	n/a
592	312	0.1mM
593	310	n/a
594	308	6.4mM/3.6mM
595	308	6.4mM/3.6mM
596	302	n/a
597	725	1mM
598	502	0.2
599	795	6.4mM/3.6mM
604	324	n/a
605	323	1mM
606	336	0.05%
607	329	1mM
608	335	1mM
609	331	5mM
610	340	n/a
611	341	n/a
612	342	1mM
613	338	n/a
614	338	n/a
615	339	n/a
616	337	10mM
617	343	6.3/3.7mM
618	344	n/a
619	346	3mM/0.3mM/1mM
620	348	n/a
621	347	n/a
622	369	n/a
623	351	n/a
624	372	1mM
625	353	3mM
626	354	1mM/0.5mM
627	365	1mM
628	367	2.5mM/0.25mM
629	373	1mM
630	371	n/a
631	370	various concentrations
632	368	0.6mM/0.12mM
633	376	n/a
634	386	1mM
635	381	n/a
636	375	5mM
637	375	5mM
638	392	various concentrations
639	392	various concentrations
640	392	various concentrations
641	385	n/a
642	384	n/a
643	380	n/a
644	387	2mM
645	383	not stated
646	382	n/a
647	397	n/a
648	399	n/a
649	394	0.4mM/0.04mM
650	393	2mM/0.2mM
651	393	2mM/0.2mM
652	378	10mM
653	733	0.5/1mM
654	214	1mM/0.1mM
655	214	1mM/0.1mM
656	333	1.0mM/0.1mM
657	217	n/a
658	355	10mM/0.25mM
659	293	1mM
660	200	0.5mM
661	216	1microM/0.25microM
662	388	2.5mM
663	374	n/a
664	349	n/a
665	345	n/a
666	334	n/a
667	332	1mM
668	330	n/a
669	215	1mM/0.25mM
670	5	n/a
671	7	n/a
672	8	10mM/1mM
674	801	1mM
676	246	n/a
677	246	n/a
678	246	n/a
679	9	2mM/0.2mM
680	241	n/a
681	241	n/a
682	241	n/a
683	11	n/a
684	12	1mM
685	13	1mM
686	16	2mM
687	17	5mM
688	18	n/a
689	20	n/a
695	745	4mM/0.4mM
696	20	n/a
697	20	5mM
699	20	5mM
700	21	50mM
701	22	5mM
702	22	5mM
703	23	n/a
704	24	1-10mM
705	25	5mM/5mM
709	26	4mM/2mM
710	28	5mM/5mM
711	733	0.5/1mM
712	27	0.5mM
713	366	0.5mM
714	366	0.5mM
715	219	5mM/0.5mM
716	350	n/a
719	808	n/a
720	808	n/a
728	379	n/a
729	374	n/a
730	289	2mM/1mM
731	214	1mM/0.1mM
732	725	1mM
747	30	n/a
748	827	1mM
749	828	2mM/1mM
750	829	2mM/1mM
751	828	2mM/1mM
752	829	2mM/1mM
753	745	4mM/0.4mM
754	746	2.2/1.1mM
755	747	2.2/1.1mM
756	830	n/a
757	831	n/a
758	289	2mM/1mM
759	681	n/a
760	679	n/a
761	680	n/a
762	420	n/a
763	445	n/a
764	442	n/a
765	443	n/a
766	444	n/a
767	829	2mM/1mM
768	289	2mM/1mM
769	679	n/a
770	681	n/a
771	680	n/a
772	420	n/a
773	442	n/a
774	443	n/a
775	444	n/a
776	445	n/a
777	828	2mM/1mM
778	832	n/a
779	833	0.5mM
780	834	0.5mM
781	835	0.5mM
782	836	5mM/0.5mM
783	837	5mM/0.5mM
784	836	5mM/0.5mM
785	752	n/a
786	751	n/a
787	14	n/a
788	142	n/a
789	838	n/a
790	33	1mM/1mM
791	34	0.7mM/0
792	34	0.7mM/01mM
793	35	n/a
794	121	n/a
795	319	n/a
796	320	n/a
797	319	n/a
798	320	5mM/0.5mM
799	321	n/a
800	322	5mM/0.5mM
801	320	n/a
802	38	2.5mM
803	331	5mM
804	839	5mM
805	31	2mM
806	485	3mM
807	488	n/a
808	485	3mM
809	488	n/a
810	752	n/a
811	751	n/a
812	540	n/a
813	36	10mM/2mM
814	39	5mM/0.5mM
815	40	1mM/0.2mM
816	41	0.02M
817	29	n/a
818	840	n/a
819	841	1.5 M
820	842	n/a
821	276	n/a
822	227	n/a
823	276	n/a
824	273	n/a
825	275	n/a
826	271	n/a
827	398	n/a
828	398	n/a
829	843	10 mM GSH, 1 mM GSSG
830	843	10 mM GSH, 1 mM GSSG
831	844	1mM
832	845	1mM
833	846	1mM
834	127	n/a
835	53	n/a
836	847	n/a
837	847	5 mM
838	847	5 mM
839	848	5 mM
840	848	5 mM
841	846	1mM
842	52	n/a
843	849	1 mM
844	849	1 mM
845	849	1 mM
846	850	n/a
847	850	n/a
848	850	n/a
849	42	n/a
850	32	n/a
851	43	n/a
852	44	n/a
853	45	n/a
854	46	n/a
855	47	n/a
856	48	n/a
857	50	n/a
858	51	n/a
859	50	n/a
860	54	n/a
861	55	n/a
862	56	n/a
863	57	n/a
864	60	n/a
865	62	n/a
866	63	n/a
867	64	n/a
868	65	n/a
869	66	n/a
870	67	n/a
871	68	n/a
872	70	n/a
873	72	n/a
874	73	n/a
875	74	n/a
876	75	n/a
877	76	n/a
878	77	n/a
879	78	n/a
880	79	n/a
881	80	n/a
882	81	n/a
883	81	n/a
884	81	n/a
885	82	n/a
886	83	n/a
887	84	n/a
888	86	n/a
889	87	n/a
890	88	n/a
891	90	n/a
892	91	n/a
893	92	n/a
894	93	n/a
895	94	n/a
896	95	n/a
897	96	n/a
898	97	n/a
899	98	n/a
900	99	n/a
901	100	n/a
902	101	n/a
903	102	n/a
904	103	n/a
905	104	n/a
906	105	n/a
907	106	n/a
908	107	n/a
909	108	n/a
910	110	n/a
911	111	n/a
912	112	n/a
913	58	n/a
914	32	n/a
915	113	n/a
916	115	n/a
917	116	n/a
918	117	n/a
919	117	n/a
920	118	n/a
921	119	n/a
922	120	n/a
923	122	n/a
924	126	n/a
925	126	n/a
926	128	n/a
927	132	n/a
928	134	n/a
929	135	n/a
930	138	n/a
931	139	n/a
932	140	n/a
933	144	n/a
934	146	n/a
935	146	n/a
936	151	n/a
937	144	n/a
938	167	n/a
939	170	n/a
940	179	n/a
941	226	n/a
942	242	n/a
943	243	n/a
944	245	n/a
945	247	n/a
946	248	n/a
947	249	n/a
948	249	n/a
949	250	n/a
950	251	n/a
951	252	n/a
952	253	n/a
953	253	n/a
954	253	n/a
955	255	n/a
956	256	n/a
957	256	n/a
958	258	n/a
959	259	n/a
960	260	n/a
961	261	n/a
962	262	n/a
963	263	n/a
964	264	n/a
965	267	n/a
966	268	n/a
967	270	n/a
968	269	n/a
969	277	n/a
970	278	n/a
971	279	n/a
972	280	n/a
973	281	n/a
974	274	n/a
975	283	n/a
976	284	n/a
977	285	n/a
978	286	n/a
979	290	n/a
980	291	n/a
981	311	n/a
982	325	n/a
983	327	n/a
984	326	n/a
985	328	n/a
986	356	n/a
987	358	n/a
988	359	n/a
989	359	n/a
990	360	n/a
991	361	n/a
992	363	n/a
993	389	n/a
994	391	n/a
995	395	n/a
996	396	n/a
997	94	n/a
998	99	n/a
999	115	n/a
1000	167	n/a
1001	170	n/a
1002	311	n/a
1003	396	n/a
1004	504	5%
1005	843	10 mM GSH, 1 mM GSSG
1006	124	n/a
1007	71	n/a
1008	129	n/a
1009	851	n/a
1010	852	n/a
1011	852	n/a
1012	853	10 mM
1013	854	n/a
1014	854	n/a
1015	853	10 mM
1016	854	n/a
1017	855	1.0/0.5 mM
1018	855	1.0/0.5 mM
1019	855	1.0/0.5 mM
1020	855	1.0,0.5 mM
1021	853	10 mM
1022	855	1.0/0.5 mM
1023	855	1.0/0.5 mM
1024	853	10 mM
1025	855	1.0/0.5 mM
1026	855	1.0/0.5 mM
1027	855	1.0/0.5 mM
1028	853	10 mM
1029	854	n/a
1030	856	10 mM
1031	857	n/a
1032	858	50 mM
1033	859	0.3 M
1034	858	50 mM
1035	859	0.3 M
1036	860	20mM
1037	861	2 mM/ 20 mM
1038	860	20mM
1039	862	2-20 mM
1040	861	2-20 mM
1041	862	2-20 mM
1042	862	2-20 mM
1043	861	2 mM/ 20 mM
1044	862	2-20 mM
1045	862	2-20 mM
1046	862	2-20 mM
1047	863	n/a
1048	861	2 mM/ 20 mM
1049	861	2 mM/ 20 mM
1050	860	20mM
1051	860	20mM
1052	862	2-20 mM
1053	863	1 mM
1054	863	n/a
1055	863	n/a
1056	863	n/a
1057	863	n/a
1058	688	10mM
1059	678	10mM
1060	863	n/a
1061	864	1 mM
1062	865	1.5
1063	866	n/a
1064	866	n/a
1065	867	n/a
1066	868	4mM
1067	863	n/a
1068	864	1 mM
1069	869	2.5/0.8 mM
1070	869	2.5/0.8 mM
1071	869	2.5/0.8 mM
1072	869	2.5/0.8 mM
1073	870	2.5/0.8 mM
1074	868	4mM
1075	870	2.5/0.8 mM
1076	871	n/a
1077	872	n/a
1078	873	n/a
1079	873	n/a
1080	874	2mM glutathione
1081	874	2mM glutathione
1082	875	2.5/0.8 mM
1083	869	2.5/0.8 mM
1084	876	20 mM
1085	877	n/a
1086	877	n/a
1087	878	0.01 M
1088	879	10 mM/1 mM
1089	879	10 mM/1 mM
1090	880	n/a
1091	881	n/a
1092	880	n/a
1093	880	n/a
1094	881	n/a
1095	880	n/a
1096	882	n/a
1097	883	n/a
1098	884	n/a
1099	885	1.5 mM/0.3 mM
1100	885	1.5 mM/0.3 mM
1101	885	1.5 mM/0.3 mM
1102	885	1.5 mM/0.3 mM
1103	883	1 / 0.5 mM
1104	884	0.5 / 1.0 mM
1105	882	1 / 0/5 mM
1106	882	1 / 0.5 mM
1107	886	1 mM
1108	887	0.1% (v/v)
1109	886	1 mM
1110	888	n/a
1111	863	n/a
1112	864	1 mM
1113	878	0.01 M
1114	885	1.5 mM/0.3 mM
1115	885	1.5 mM/0.3 mM
1116	885	1.5 mM/0.3 mM
1117	876	20 mM
1118	876	20 mM
1119	889	1.33 mM
1120	890	0.03 mM
1121	891	4 mM
1122	892	0.4 mM
1123	889	1.33 mM
1124	893	n/a
1125	894	n/a
1126	895	n/a
1127	895	n/a
1128	896	0.1%
1129	877	n/a
1130	897	n/a
1131	898	n/a
1132	898	n/a
1133	684	1.25mM/0.25mM
1134	899	n/a
1135	900	1 mM
1136	901	1 um
1137	902	n/a
1138	903	n/a
1139	904	n/a
1141	863	1 mM
1142	897	4mM/2mM
1143	897	4mM/2mM
1144	906	n/a
1145	907	5 mM
1146	908	n/a
1147	864	1 mM
1148	863	n/a
1149	864	1 mM
1150	909	10 mM
1151	863	n/a
1152	864	1 mM
1153	863	n/a
1154	863	n/a
1155	863	n/a
1156	863	1 mM
1157	910	10 mM
1158	438	6/0.6mM
1159	439	6/0.6mM
1160	911	3 mM-0.3 mM
1161	912	n/a
1162	877	n/a
1163	880	n/a
1164	880	n/a
1165	881	n/a
1166	886	1 mM
1167	912	n/a
1168	912	n/a
1169	913	n/a
1170	909	10 mM
1171	914	n/a
1172	912	n/a
1173	915	0.8 mM- 0.2 mM
1174	916	n/a
1175	901	1 um
1176	917	1 um
1183	920	140 mM
1184	912	n/a
1185	892	0.4 mM
1186	912	n/a
1187	912	n/a
1188	921	12.8 ul
1189	922	1 um
1190	921	12.8 ul
1191	923	n/a
1192	923	n/a
1193	924	n/a
1194	925	n/a
1195	925	n/a
1196	926	n/a
1197	925	n/a
1198	927	n/a
1199	926	n/a
1200	928	5 mM
1201	929	5 mM
1202	118	n/a
1203	930	1 mM
1204	931	0.9/0.18 mmol/l
1205	932	0.9/0.18 mmol/l
1206	931	0.9/0.18 mmol/l
1207	933	2.5/0.8 mM/L
1210	936	2.5/0.8 mM/L
1211	937	n/a
1212	938	n/a
1213	939	n/a
1214	939	n/a
1215	940	n/a
1216	941	n/a
1217	940	n/a
1218	942	n/a
1219	943	n/a
1220	944	n/a
1221	901	1 um
1222	940	n/a
1223	945	n/a
1224	946	n/a
1225	946	n/a
1226	947	n/a
1227	948	2 mM
1228	949	n/a
1229	949	n/a
1230	950	n/a
1231	951	n/a
1232	952	n/a
1233	953	n/a
1234	954	1 mM
1235	955	n/a
1236	955	100 mM
1237	955	n/a
1238	893	n/a
1239	953	n/a
1240	953	n/a
1241	953	n/a
1242	956	n/a
1243	956	n/a
1244	957	5 mM,0.5 mM
1245	957	5 mM,0.5 mM
1246	958	2 mM
1247	959	20 mM
1248	959	20 mM
1249	960	20 mM
1250	948	2 mM
1251	948	2 mM
1252	959	6 mM
1253	960	6 mM
1254	939	n/a
1255	951	n/a
1256	900	6.3/3.7 mm
1257	899	n/a
1258	927	n/a
1259	955	n/a
1260	961	n/a
1261	955	n/a
1262	893	n/a
1263	893	n/a
1264	962	n/a
1265	963	n/a
1266	964	4/2 mM
1267	965	4/2 mM
1268	965	4/2 mM
1269	966	4/2 mM
1270	967	6/2 mM
1271	968	n/a
1272	968	n/a
1273	969	n/a
1274	970	n/a
1275	968	n/a
1276	971	n/a
1277	972	6/2 mM
1278	973	6/2 mM
1279	972	6/2 mM
1280	973	6/2 mM
1281	974	6/2 mM
1282	974	6/2 mM
1283	973	6/2 mM
1284	975	6/2 mM
1285	975	6/2 mM
1286	975	6/2 mM
1287	927	n/a
1288	963	n/a
1289	963	n/a
1290	976	6/2 mM
1291	975	6/2 mM
1292	976	6/2 mM
1293	977	6/2 mM
1294	978	n/a
1295	979	n/a
1296	927	n/a
1297	963	n/a
1298	977	6/2 mM
1299	980	n/a
1300	981	n/a
1301	982	n/a
1302	983	n/a
1303	983	1 mM
1304	983	n/a
1305	984	n/a
1306	985	0.1 mM
1307	986	0.1 mM
1308	985	0.1 mM
1309	987	n/a
1310	988	n/a
1311	987	n/a
1312	989	n/a
1313	990	n/a
1314	991	n/a
1315	987	n/a
1316	992	2-0.02 mM
1317	993	n/a
1318	994	n/a
1319	995	10 mM
1320	996	n/a
1321	997	5 mM
1322	998	4 mM
1323	999	2 mM
1325	1001	5 mM
1326	1002	0.1 mM
1327	1003	0.1 mM
1328	1002	n/a
1329	1003	n/a
1330	1003	0.1 mM
1331	1004	n/a
1332	1005	n/a
1333	1006	n/a
1334	1005	n/a
1335	1005	n/a
1336	1007	5-0.5 mM
1337	1008	n/a
1338	1008	n/a
1339	1009	n/a
1340	1010	n/a
1341	1011	0.2-0.1 mM
1342	1012	5/5/0.3-1.0 mM
1343	1013	n/a
1344	1014	n/a
1345	1015	1/0.05 mM
1346	1016	1.25/1.25/5 mM
1347	1017	n/a
1348	1018	10 mM
1349	1019	1/0.25 mM
1350	1020	n/a
1351	1021	n/a
1352	1022	n/a
1353	1023	n/a
1354	1024	n/a
1355	1025	n/a
1356	1026	n/a
1357	1026	n/a
1358	1027	n/a
1359	1028	n/a
1360	1029	10/1 mM
1361	1030	n/a
1362	1031	n/a
1363	1032	n/a
1364	1033	n/a
1365	1034	2 mM
1366	1035	n/a
1367	1036	n/a
1368	1037	n/a
1369	1038	n/a
1370	1039	5 mM
1371	1040	0.7/0.1 mM
1372	1041	10 mM
1373	1042	n/a
1374	1043	n/a
1375	1044	n/a
1376	1045	n/a
1377	1046	n/a
1378	1047	10 mM
1379	1047	10 mM
1380	1048	2/1 mM
1381	1049	n/a
1382	1050	n/a
1383	1051	n/a
1384	1051	n/a
1385	1052	0.2/0.02 mM
1387	1054	n/a
1388	1055	0.3 mM
1389	1056	n/a
1390	1056	n/a
1391	1057	n/a
1392	1058	n/a
1393	1059	0.02 mM
1394	1060	n/a
1395	1060	10/2 mM
1396	1061	n/a
1397	1062	n/a
1398	1063	5 mM
1399	1064	25%
1400	1063	5 mM
1401	1065	5 mM
1402	1066	5 mM
1403	1067	n/a
1404	1068	n/a
1405	1069	n/a
1406	1070	n/a
1407	1071	n/a
1408	1072	n/a
1409	1073	5/0.5 mM
1410	1074	1/0.25 mM
1411	1075	3/0.3 mM
1412	1076	1/0.1/1 mM
1416	1076	1/0.1/1 mM
1417	1080	1/0.25 mM
1419	1082	2 mM
1420	1083	n/a
1421	1084	n/a
1422	1085	3/0.3 mM
1423	1086	3/0.3 mM
1424	1085	3/0.3 mM
1425	1086	3/0.3 mM
1426	1086	3/0.3 mM
1427	1085	3/0.3 mM
1428	1087	3/0.3 mM
1429	1088	3/0.3 mM
1430	1089	3/0.3 mM
1431	1086	3/0.3 mM
1432	994	n/a
1433	1090	10 mM
1434	1091	10 mM
1435	1090	10 mM
1436	1092	10 mM
1437	1093	10 mM
1438	1094	10 mM
1439	1095	10 mM
1440	1091	10 mM
1441	1096	1 mM
1442	1097	1 mM
1443	1098	5 mM
1444	1099	2/1 mM
1445	1100	8/1 mM
1446	1101	n/a
1447	1102	n/a
1448	1103	n/a
1449	1104	3 mM
1450	1105	150 uM
1451	1106	n/a
1452	1107	3/0.3 mM
1453	1106	n/a
1454	1108	5/0.5 mM
1455	1109	0.01%v/v
1456	1109	0.01%v/v
1457	1110	0.01%v/v
1458	1109	0.01%v/v
1459	1111	5/0.5 mM
1460	1108	5/0.5 mM
1461	1112	5 mM
1462	1113	5/0.5 mM
1463	1114	5 mM
1464	1114	5 mM
1465	1115	1 mM
1466	1116	n/a
1467	1117	10-100mM
1468	1118	0.5 mM
1469	1119	n/a
1470	1120	1 mM
1471	1121	3/0.3 mM
1472	1122	3/0.3 mM
1473	1122	3/0.3 mM
1474	1123	0.64/3/0.3 mM
1475	1123	0.64/3/0.3 mM
1476	1124	3/0.3 mM
1477	1125	n/a
1478	1126	n/a
1479	1127	n/a
1480	1128	n/a
1481	1129	n/a
1482	1130	n/a
1483	1131	n/a
1484	1132	n/a
1485	1133	n/a
1486	1134	n/a
1488	1136	n/a
1490	1137	10 mM
1491	1138	1 mM
1492	1139	2/0.2 mM
1493	1140	10 mM
1494	1130	n/a
1495	1141	n/a
1496	1142	n/a
1497	1143	n/a
1498	1144	5/1/2 mM
1499	1145	5/1/2 mM
1500	1146	8/7 mM
1501	1147	1 mM
1502	1148	1 mM
1503	1149	60 mM
1504	1150	n/a
1505	1151	n/a
1506	1151	2/0.2 mM
1507	1152	1/1 mM
1508	1153	n/a
1509	1154	n/a
1510	1155	n/a
1511	1156	n/a
1512	1157	2/0.4 mM
1513	1158	4/0.4 mM
1514	1159	0.2 mM
1515	1160	4.8 mM
1516	1161	0.1/0.1 mM
1517	1162	n/a
1518	1163	1/0.25 mM
1519	1164	n/a
1520	1165	n/a
1521	1166	n/a
1522	1167	n/a
1523	1168	2/0.2 mM
1524	1169	1/0.1 mM
1525	1170	n/a
1526	1171	1/0.2 mm
1527	1172	0.062 g
1528	1173	n/a
1529	1174	5 mM
1530	1174	5 mM
1531	1175	n/a
1532	1176	n/a
1533	1177	1/3 mM
1534	1178	1 mM
1535	1179	1.5/3 mM
1536	1180	n/a
1537	1181	n/a
1538	1182	14 uL
1539	1183	1/0.1 mM
1540	1184	0.9 mM
1541	1185	3/4
1542	1186	3/0.3 mM
1543	1187	n/a
1544	1188	n/a
1545	1189	2/2 mM
1546	1190	0.4 mM
1547	1191	n/a
1548	1191	n/a
1549	1192	1 mM
1550	1193	1.25/0.25 mM
1551	1194	n/a
1552	1195	n/a
1553	1196	n/a
1554	1195	2/0.2 mM
1555	1197	n/a
1556	1198	n/a
1557	1199	n/a
1558	1200	n/a
1559	1201	n/a
1560	1202	n/a
1561	1203	n/a
1562	1203	n/a
1563	1204	n/a
1564	1205	n/a
1565	1206	n/a
1566	1207	n/a
1567	1208	n/a
1568	1209	n/a
1569	1210	n/a
1570	1211	n/a
1571	1212	n/a
1572	1213	n/a
1573	1200	n/a
1574	1201	n/a
1575	1202	n/a
1576	1203	n/a
1577	1204	n/a
1578	1200	n/a
1579	1201	n/a
1580	1202	n/a
1581	1203	n/a
1582	1204	n/a
1583	1205	n/a
1584	1205	n/a
1585	1206	n/a
1586	1207	n/a
1587	1208	n/a
1588	1209	n/a
1589	1209	n/a
1590	1210	n/a
1591	1211	n/a
1592	1212	n/a
1593	1213	n/a
1594	1211	n/a
1595	1214	n/a
1596	1215	n/a
1597	1216	n/a
1598	1217	n/a
1599	1218	n/a
1600	1219	n/a
1601	1220	n/a
1602	1221	n/a
1603	1222	n/a
1604	1223	n/a
1605	1224	n/a
1606	1225	5 mM
1607	1226	5 mM
1608	1227	5 mM
1609	1228	1/0.2 mM
1612	1231	n/a
1613	1232	1/0.2 mM
1614	1233	n/a
1615	1234	n/a
1616	1234	n/a
1617	1234	n/a
1618	1235	n/a
1619	1236	2/0.2 mM
1620	1237	n/a
1621	1076	1/0.1/1 mM
1622	1238	40 nM
1623	1239	2/0.2 mM
1624	1240	2/5 mM
1625	1241	0.3/3 mM
1626	1242	1 mM
1627	1243	1 mM
1628	1244	n/a
1629	1245	n/a
1630	1246	8/1 mM
1631	1247	n/a
1632	1248	n/a
1633	1249	n/a
1634	1250	n/a
1635	1251	n/a
1636	1252	n/a
1637	1253	5/0.5 mM
1638	1254	n/a
1639	1255	12 mM
1640	1256	n/a
1641	1257	n/a
1642	1258	n/a
1643	1259	n/a
1644	1241	0.3/3 mM
1645	1260	1 mM
1646	1261	1 mM
1647	1262	0.2 mM
1648	1263	5 mM
1649	1264	5/0.5 mM
1650	1265	1/1 mM
1651	1266	0.4 mM
1652	1267	8/4 mM
1653	1268	n/a
1654	1269	0.1/0.01 mM
1655	1270	n/a
1656	1271	2/1 mM
1657	1272	0.7 mM
1658	1273	1/0.1 mM
1659	1274	n/a
1660	1275	n/a
1661	1276	5 mM
1662	1277	1 mM
1663	1278	80 mM
1664	1279	1/4.5 mM
1665	1280	1/0.1 mM
1666	1281	n/a
1667	1282	n/a
1668	1283	n/a
1669	1284	n/a
1670	1285	n/a
1671	1286	n/a
1672	1287	n/a
1673	1288	5 mM
1674	1289	n/a
1675	1290	0.2 mM
1676	1291	n/a
1677	1292	1 mM
1678	1293	n/a
1679	1294	n/a
1680	1295	n/a
1681	1296	5/1 mM
1682	1278	80 mM
1683	1297	10/1 mM
1684	1298	1/3 mM
1685	1299	n/a
1686	1300	4/10 mM
1687	1301	n/a
1688	1302	n/a
1689	1303	n/a
1690	1302	n/a
1691	1304	n/a
1692	956	n/a
1693	1305	4/1 mM
1694	1306	4/0.4 mM
1695	1307	n/a
1696	1308	n/a
1697	1309	0.9 mM
1698	1310	n/a
1699	1311	n/a
1700	1311	n/a
1701	1312	2/0.2 mM
1702	1313	0.9/0.1 mM
1703	1314	1 mM
1704	1315	n/a
1705	1316	5/0.5 mM
1706	1317	0.5 mM
1707	1318	n/a
1708	1319	50mM
1709	1320	50mM
1710	1321	n/a
1711	1322	n/a
1712	1323	n/a
1713	1323	n/a
1714	1324	n/a
1715	1325	n/a
1716	1326	n/a
1717	1327	n/a
1719	1329	n/a
1720	1329	n/a
1721	1330	5/0.5 mM
1722	1331	0.55 g/l
1723	1332	n/a
1724	1333	n/a
1725	1334	3/0.5 mM
1726	1335	1.5 mM/0.3 mM
1727	1336	3 mM -0.3 mM & 3/5.7 mM
1728	1337	1.5 mM/0.3 mM
1730	1339	3/1 mM
1731	1340	10 mM
1732	1341	10 mM/1 mM
1733	1342	1/1 mM
1734	1343	0.1 mM
1735	1344	n/a
1736	1345	5 mM
1737	1346	n/a
1738	1347	n/a
1739	1348	n/a
1740	1349	n/a
1741	1349	n/a
1742	1350	n/a
1743	1351	n/a
1744	1352	n/a
1745	1353	1 mM/2mM
1746	1354	n/a
1747	1354	n/a
1748	1355	n/a
1749	1356	n/a
1750	1357	n/a
1751	1357	n/a
